State,year_2018,year_2019,year_2020,year_2021,year_2022,STE
New South Wales,850.6666667,441.047619,357.8021978,297.9166667,280.671875,1
Queensland,457.1265823,214.0540541,286.3333333,436.6,244.6666667,3
South Australia,295.2844037,327.2910448,307.4,448.4833948,438.3076923,4
Tasmania,286.7586207,331.5420561,336.82,277.64,292.6,6
Victoria,343.4444444,452.8032787,463.2222222,333.7288136,303.4705882,2
Western Australia,234.6666667,244.8630137,381.21875,371.25,277.972973,5